,HouseAge,YearsSinceRemodel,TotalSF,LogGrLivArea,HasGarage
count,1399.0,1399.0,1399.0,1399.0,1399.0
mean,37.73909935668335,23.761258041458184,2492.9971408148676,7.246304414373172,1.0
std,30.05954714056014,20.65272950930312,739.9951107543327,0.31883994377702285,0.0
min,0.0,-1.0,334.0,5.814130531825066,1.0
25%,9.0,5.0,1982.0,7.0210835656920425,1.0
50%,36.0,16.0,2433.0,7.271008538280992,1.0
75%,56.0,42.0,2934.0,7.455298485683291,1.0
max,136.0,60.0,11752.0,8.63817111796914,1.0
